label_name,bbox_x,bbox_y,bbox_width,bbox_height,image_name,image_width,image_height
GUPY,236,558,172,120,0D69483E-7543-4E40-A055-CD9F25D7F0FC_1_105_c.jpeg,768,1024
GUPY,51,152,619,487,2AD01AC2-303D-4FF3-A5E9-1215D473EBCE_1_105_c.jpeg,768,1024
GUPY,3,1,1011,639,305010328_1288647181879445_6999075083396792585_n.jpg,1016,1016
GUPY,105,186,760,797,305054900_457612476424754_3942481482254804758_n.jpg,1080,1080
GUPY,58,134,706,793,305073314_4829589800476029_2995507073103888550_n.jpg,1080,1080
GUPY,5,123,769,449,305160245_1192649691467221_4226211828885479819_n.jpg,810,810
GUPY,56,222,647,753,305383436_483474316665384_4593695241531783770_n.jpg,1080,1080
GUPY,440,579,166,257,306222030_398036025868136_6546415136133001361_n.jpg,1080,1080
GUPY,450,92,155,237,306254726_1798678040478656_1462376764265120590_n.jpg,1080,1080
GUPY,449,400,65,90,306376364_598429378608006_887316621121617143_n.jpg,1080,1080
GUPY,482,465,549,335,306866255_615219970050706_394774987196057133_n.jpg,1080,1080
GUPY,73,253,647,294,306877398_1157510841527985_2786079765846938111_n.jpg,769,770
GUPY,293,399,541,220,306977916_560190269190462_851447909425258370_n.jpg,1080,1080
GUPY,403,368,450,232,307009806_6190792557613950_288488942468310368_n.jpg,1080,1080
GUPY,319,327,316,150,307099362_1130614114511819_7466819503670440705_n.jpg,1080,1080
GUPY,340,442,442,206,307123453_394717126170236_3984915737563349098_n.jpg,1080,1080
GUPY,474,399,569,382,307282064_5406475562806517_9184992911848788009_n.jpg,1080,1080
GUPY,299,7,638,811,307306441_612634703724053_1302680067851239542_n.jpg,1080,1080
GUPY,497,399,509,385,307307639_519597873501882_2577461785202356443_n.jpg,1080,1080
GUPY,1,3,1071,470,307404203_796330084745140_7712571195775983789_n.jpg,1080,1080
GUPY,492,441,308,498,307440384_593478039142544_5448118319508468111_n.jpg,1080,1080
GUPY,303,381,569,279,307624138_191193816616849_7495655363732126520_n.jpg,1080,1080
GUPY,62,65,281,328,308427222_1004990334235115_205611178410195982_n.jpg,434,434
GUPY,2,85,1069,1256,308494753_3388797884737593_7382474437278379332_n.jpg,1080,1350
GUPY,75,516,1000,366,308674087_771645634128707_8154064397859512198_n.jpg,1080,1080
GUPY,94,95,111,117,308711237_1136942740588127_6329362681582492660_n.jpg,320,320
GUPY,174,41,129,113,308767236_3217739918450856_6839837710537637679_n.jpg,430,225
GUPY,53,2,379,408,308887047_1303923047013607_949070201823552596_n.jpg,434,434
GUPY,143,320,794,1025,309008552_392551356410197_5387168580534227328_n.jpg,1080,1350
GUPY,70,127,146,66,309038255_180470457853300_4983762487788030063_n.jpg,320,401
GUPY,335,300,513,185,309056016_877430096570632_5119208684917940793_n.jpg,1080,1080
GUPY,1,79,287,158,309329921_491565909248247_6161663852751428933_n.jpg,320,320
GUPY,128,46,218,327,309446705_140358772045932_3505069179854731038_n.jpg,434,434
GUPY,120,127,911,1223,310083960_1381698185691202_4273669017388305103_n.jpg,1080,1350
GUPY,0,4,1067,1071,310454790_844357140065964_6865895093200394567_n.jpg,1080,1080
GUPY,203,672,772,648,310542693_5252566521535614_715229500771509085_n.jpg,1080,1350
GUPY,190,159,316,306,310608219_675813930314942_3838358420883156567_n.jpg,780,780
GUPY,158,0,917,1073,310703116_461176215986600_2632416994316944389_n.jpg,1080,1080
GUPY,1,7,1073,1067,310707185_802347427487865_534585328410778116_n.jpg,1080,1080
GUPY,3,117,1075,957,311015306_530272968860852_442886107137802399_n.jpg,1080,1080
GUPY,117,98,519,516,311070000_189509806935376_2293918043604355847_n.jpg,780,780
GUPY,39,184,1037,891,311127779_839180963932756_6604369984654428594_n.jpg,1080,1080
GUPY,268,7,433,923,311424529_677343700155897_5003238628986534145_n.jpg,1080,1080
GUPY,3,19,671,962,311489059_3252034201725648_2243235409087460914_n.jpg,1080,1080
GUPY,358,46,541,1030,311521339_793895301863051_8101963644008579364_n.jpg,1080,1080
GUPY,3,3,994,743,311801966_8208752565863016_6777275048194051348_n.jpg,1000,750
GUPY,47,15,491,203,311898698_1302888043847948_2020298094759292812_n.jpg,552,289
GUPY,24,74,968,507,312005450_121873700516845_826253403632636574_n.jpg,1000,750
GUPY,2,3,746,550,313514074_143063991536392_8573771072508687097_n.jpg,750,562
GUPY,4,6,734,917,313853496_711397383649311_5320825308209641220_n.jpg,744,930
GUPY,161,70,915,1001,313919142_3249751645277694_5302643145334611702_n.jpg,1080,1080
GUPY,1,44,988,590,314029063_834038957803458_1479217574934526820_n.jpg,1080,1080
GUPY,19,103,1059,971,314083968_1269152870312667_7732865549071455236_n.jpg,1080,1080
GUPY,1,130,1069,726,314356834_405838928286618_5832607791299449511_n.jpg,1080,1080
GUPY,131,20,946,1055,314395735_494439349403369_6916244231381449127_n.jpg,1080,1080
GUPY,9,3,1068,943,314495996_101877172715531_5660541146482614691_n.jpg,1080,1080
GUPY,0,4,1079,954,314730690_872775747430520_9134085266399692944_n.jpg,1080,1080
GUPY,3,138,1073,934,314757830_148046194624146_1945693409054296846_n.jpg,1080,1080
GUPY,130,190,572,618,315653006_433181899010187_4060401816214796494_n.jpg,1080,810
GUPY,316,95,762,681,315763239_863461168336268_2320695942235225986_n.jpg,1080,1080
GUPY,408,152,452,402,315800390_151319667614123_6294248775781814918_n.jpg,1080,1350
GUPY,209,37,866,767,315863003_185155377424166_3780648000065345201_n.jpg,1080,810
GUPY,107,146,733,499,315864944_499452665450509_7691002265463242538_n.jpg,1080,810
GUPY,110,50,908,690,315972516_526634309345610_8844693885102338949_n.jpg,1080,1080
GUPY,82,174,992,592,316092612_1372787796879284_2616515104541284430_n.jpg,1080,1080
GUPY,40,178,871,720,316506635_5030662580369164_6064264022303080204_n.jpg,1080,1080
GUPY,0,127,797,561,316582398_1118394472371231_8980495602686379352_n.jpg,1080,810
GUPY,24,123,978,910,316699151_517271426989618_8959238425344761535_n.jpg,1080,1080
GUPY,11,125,843,955,316795910_5892876720773277_848795461619902413_n.jpg,1080,1080
GUPY,58,119,788,628,321391465_1314890439302727_1127732823724170390_n.jpg,1080,1080
GUPY,28,0,715,750,323485114_863112771668817_2860868765758185237_n.jpg,750,750
GUPY,20,42,221,357,323668901_184735347570878_5912656824920956620_n.jpg,375,469
GUPY,453,0,387,655,323680261_1636616883441348_4362656858426318512_n.jpg,1080,1080
GUPY,262,245,129,73,323697900_3399855113623251_871529913636292433_n.jpg,616,616
GUPY,5,5,662,739,323699622_1108683863113363_9136603194155318652_n.jpg,750,750
GUPY,339,325,229,136,323722396_192507920105310_7954573346783250878_n.jpg,750,750
GUPY,132,177,549,435,323754540_561642042187422_6831704253676261489_n.jpg,750,750
GUPY,338,349,198,139,323794516_729338908328794_2577532457631778216_n.jpg,750,750
GUPY,5,3,504,559,323794580_510499684265456_6160716001031729107_n.jpg,562,562
GUPY,6,167,543,400,323795936_154556567005579_6118232053596377231_n.jpg,568,568
GUPY,201,240,300,204,323798560_198234502752399_979828451058737160_n.jpg,750,750
GUPY,68,9,676,629,323819009_530858379075995_3850265229173529312_n.jpg,750,750
GUPY,184,133,309,423,323898869_493374302838521_3018661440602669746_n.jpg,750,750
GUPY,50,132,666,397,323920095_1099972807363694_7211927714458754949_n.jpg,750,750
GUPY,88,143,572,339,323929959_234870742209913_3989820333958725700_n.jpg,750,750
GUPY,8,71,623,669,323938141_531672362057054_5276382047391515504_n.jpg,750,750
GUPY,272,235,493,392,323971429_219334577107090_9066287143647788985_n.jpg,1080,810
GUPY,9,59,640,671,324063938_180787084580978_4124571302580515823_n.jpg,750,750
GUPY,74,159,622,395,324073978_838327847390973_6036858328979230684_n.jpg,750,750
GUPY,5,5,623,737,324097276_164314746315278_7540054846768479197_n.jpg,750,750
GUPY,149,113,594,439,324264839_3648986565332132_2217550462301700281_n.jpg,750,750
GUPY,224,341,400,453,324385002_1391904731639274_8081129633534985567_n.jpg,750,937
GUPY,60,366,575,336,324386960_699952595060965_3307166800055748620_n.jpg,750,750
GUPY,86,31,925,931,324420882_164451699246707_2481649343471660000_n.jpg,1080,1080
GUPY,113,50,937,875,324443101_3341240776127368_6858870126544718812_n.jpg,1080,1080
GUPY,159,7,892,958,324538265_158766600236605_502212794897587466_n.jpg,1080,1080
GUPY,21,314,1042,492,324546150_1220094992219039_286413976019241112_n.jpg,1080,1080
GUPY,152,7,558,621,324546612_1878238339176365_8030653183732940341_n.jpg,750,750
GUPY,54,363,566,351,324547503_224904496545344_2441730369755970581_n.jpg,750,750
GUPY,121,21,959,891,324559152_3505773343039975_8805608753908234416_n.jpg,1080,1080
GUPY,125,117,796,527,324698268_573231344246707_4431798552311908923_n.jpg,1080,1080
GUPY,38,383,938,533,324703627_614609100468499_4305323302047198602_n.jpg,1080,1080
GUPY,188,568,792,397,324716976_500386662209054_5701278708961826661_n.jpg,1080,1350
GUPY,226,29,854,969,324791463_884563829636786_5578848960238884141_n.jpg,1080,1080
GUPY,19,306,1048,403,324856500_1138357266819432_801728100461687863_n.jpg,1080,1080
GUPY,8,354,1033,393,324919512_1265583370686054_6964387323946091370_n.jpg,1080,1080
GUPY,70,245,893,355,324926135_714692110294830_347157052679576327_n.jpg,1080,812
GUPY,127,177,710,548,325170871_109907468580371_8738228253328048172_n.jpg,1080,1080
GUPY,135,228,861,670,325177893_3342585382664717_3535230104631844192_n.jpg,1080,1350
GUPY,113,88,607,519,325253065_3175850842632474_8693094639377323208_n.jpg,1080,1080
GUPY,4,102,536,341,325297554_684877199655720_2822259797735231359_n.jpg,1080,566
GUPY,21,343,963,791,325482899_507153708170417_4388912142701194870_n.jpg,1080,1350
GUPY,4,347,693,993,325503475_1132893514084166_4787091383284578219_n.jpg,1080,1350
GUPY,371,270,695,925,325565695_203986168800052_2046550952873892369_n.jpg,1080,1350
GUPY,171,383,510,212,325937190_129750846635492_1156512605982569312_n.jpg,768,768
GUPY,24,380,423,526,325972383_6115383795245923_613483353529608259_n.jpg,768,960
GUPY,291,207,364,276,325991080_1339484833467282_4365791417913727201_n.jpg,768,960
GUPY,170,379,488,213,326017663_1267674970794400_927664157911572587_n.jpg,768,768
GUPY,38,99,716,486,326260117_190675730224555_2500527828090235150_n.jpg,768,768
GUPY,182,141,326,234,326445085_657722809466876_4531074449411085620_n.jpg,768,768
GUPY,202,103,544,386,326457009_615072397036340_5227814723847155486_n.jpg,768,768
GUPY,139,74,623,400,326479580_485115517132934_6724278622065782539_n.jpg,768,768
GUPY,51,38,697,573,326489078_525937369363206_6988969047605361907_n.jpg,768,768
GUPY,158,328,403,234,326495855_740630254120264_6312785358129692749_n.jpg,768,768
GUPY,178,395,389,147,326501865_842471626819199_2613110072736465347_n.jpg,768,768
GUPY,50,135,705,371,326525739_850423216047491_5171991331186800172_n.jpg,768,768
GUPY,305,63,370,279,326536177_186325480743904_2734168744247224326_n.jpg,768,768
GUPY,127,51,506,553,326587387_722459149388608_6045349008999985078_n.jpg,768,768
GUPY,222,112,545,384,326592711_1013315766176556_1063867094122471305_n.jpg,768,768
GUPY,1,80,577,682,326683427_884761112858487_4580045535578897780_n.jpg,768,768
GUPY,146,118,617,383,326755530_158871886924961_4041664386587636773_n.jpg,768,768
GUPY,214,109,554,387,327083528_861408141579866_5923383926217403177_n.jpg,768,768
GUPY,202,138,557,353,327158658_711070397242537_2599028236471004365_n.jpg,768,768
GUPY,89,80,667,559,327243734_563569962323422_1508925447148459335_n.jpg,768,768
GUPY,367,461,297,194,327326726_1335124930616589_2470561336666585415_n.jpg,1080,1080
GUPY,340,417,363,225,327454471_1363903397760608_2107879238374169424_n.jpg,1080,1080
GUPY,195,94,680,425,327592199_1294529781097897_4505943581600622121_n.jpg,899,899
GUPY,113,51,406,469,327749954_146581284578118_7982354568556085576_n.jpg,600,600
GUPY,22,219,625,401,327926751_873883707148109_7133834205746971108_n.jpg,750,937
GUPY,46,60,205,376,328000728_222242996909245_3049742973663607343_n.jpg,375,469
GUPY,190,157,819,749,328006606_1467118570489371_3815048740152219833_n.jpg,1080,1080
GUPY,40,342,840,351,328100050_861335268460953_1450704460661552461_n.jpg,1080,1080
GUPY,28,233,891,260,328128566_1336557710467741_8897478430029813265_n.jpg,1080,1080
GUPY,17,123,729,907,328148305_586345579563783_9060434832509603178_n.jpg,1040,1040
GUPY,370,151,691,761,328163537_223542000103608_7040538799130326046_n.jpg,1080,1080
GUPY,358,25,445,657,328260045_3495797980742773_8636091598602529128_n.jpg,1080,1080
GUPY,461,38,414,611,328368362_697958758522863_8794190854532667744_n.jpg,1080,1080
GUPY,88,84,613,609,328493244_188613930441734_1239302880388107535_n.jpg,767,767
GUPY,525,342,505,512,328571126_885161982730912_1671622480535438_n.jpg,1080,1080
GUPY,270,144,605,666,328721233_234336585608722_4351372811471759009_n.jpg,1035,1035
GUPY,177,18,325,477,328957329_702793148004287_5897337802048462011_n.jpg,600,600
GUPY,277,137,227,226,329371046_1294192611140356_4359938538864548994_n.jpg,750,750
GUPY,149,4,334,404,329493710_701633498097262_9081060131729427841_n.jpg,750,750
GUPY,253,14,212,257,329682556_160130663452251_1015670704254951266_n.jpg,750,937
GUPY,257,193,209,301,329778409_739558917756824_3783530201709296751_n.jpg,750,750
GUPY,306,99,159,187,329932314_583654289973789_3043568076116553317_n.jpg,750,750
GUPY,314,116,214,213,329980784_139764938992086_482942121132655794_n.jpg,750,750
GUPY,199,48,799,426,330195260_220297533777644_219697627178011620_n.jpg,1000,750
GUPY,7,0,888,1076,330780089_3464479660455995_752955849964673260_n.jpg,1080,1080
GUPY,8,3,1000,1047,330829070_564748188923089_4870344300212138706_n.jpg,1052,1052
GUPY,9,4,977,1072,330988347_533068225340799_5709879058003139022_n.jpg,1080,1080
GUPY,75,3,408,481,333210181_510349677958590_1397094842164302161_n.jpg,486,486
GUPY,253,2,712,945,333215578_1588741698217424_5561481459801249670_n.jpg,972,972
GUPY,311,10,652,950,333253364_1834878293560351_4411694521262242686_n.jpg,972,972
GUPY,68,0,412,479,333324765_1353370871872809_2689409229699912804_n.jpg,486,486
GUPY,118,11,842,954,333383406_753081273198359_6331187782503092253_n.jpg,972,972
GUPY,38,192,595,305,337117083_3527101310902242_7528659395345315817_n.jpg,750,750
GUPY,264,261,299,120,337152447_765276664835629_7616054847845154059_n.jpg,750,750
GUPY,384,8,365,504,342395272_766982568461947_5965823325876481043_n.jpg,750,750
GUPY,156,4,552,507,342541219_242512064980418_5724554937522045291_n.jpg,750,750
GUPY,182,421,200,169,342550893_651166440112779_5515785211577466743_n.jpg,750,750
GUPY,194,402,206,125,342728120_3599299207059997_976307639382585175_n.jpg,750,750
GUPY,12,447,165,139,342756830_1319630975296729_6299904631788433920_n.jpg,750,750
GUPY,376,160,191,237,342910261_537540905201900_7600234292675963662_n.jpg,750,750
GUPY,325,360,55,50,343365553_1370382407140904_5202286745043706571_n.jpg,750,750
GUPY,237,264,322,122,343410758_900944464468012_3632815317197344793_n.jpg,750,750
GUPY,49,186,605,311,343423006_545343747744704_7054391491835632420_n.jpg,750,750
GUPY,384,762,286,268,344354189_257202013436133_1486984183362615129_n.jpg,1080,1350
GUPY,39,118,1041,703,347625200_1323661788497137_6318753704316433871_n.jpg,1080,1080
GUPY,382,354,575,506,351279386_743527580886739_6806410874875709716_n.jpg,960,1200
GUPY,263,296,233,283,365496525_1486216972183005_7388174664631047726_n.jpg,912,912
GUPY,131,283,949,266,365505923_829931125060524_6151724968457974122_n.jpg,1080,810
GUPY,185,100,533,613,365771304_960707871872464_1484813703098998972_n.jpg,867,868
GUPY,3,153,804,461,366103131_613808804210958_6141333705319684024_n.jpg,900,900
GUPY,44,177,1009,591,366110897_817937843072269_6360943556451129651_n.jpg,1080,1080
GUPY,249,262,360,341,366115387_1727751054318281_2131737045349109312_n.jpg,800,800
GUPY,66,279,1010,563,366115791_1373727056691148_7330476132331864139_n.jpg,1080,1080
GUPY,16,153,1044,736,366117799_1113406512951630_3174301220397635552_n.jpg,1080,1080
GUPY,259,379,636,188,366122495_255443893930449_7577319726859727550_n.jpg,900,900
GUPY,224,240,626,586,366473476_1933395497036596_4797717339623806917_n.jpg,1080,1080
GUPY,284,122,332,202,367433424_966512937737503_8328502685075305509_n.jpg,843,843
GUPY,3,83,337,235,369926772_1303977063811739_2399409724402002118_n.jpg,414,414
GUPY,4,154,379,345,369951485_836208434840500_6991657690679125168_n.jpg,625,624
GUPY,173,149,427,740,370762986_827783002035309_3023625847676579103_n.jpg,1027,1027
GUPY,8,142,210,319,370783550_1065944314781352_775521822443741124_n.jpg,598,599
GUPY,208,120,411,789,371736922_1258598564760426_8727971955862510507_n.jpg,1036,1036
GUPY,82,98,965,728,375676325_1321506605150722_6200016750957949460_n.jpg,1080,1080
GUPY,15,87,740,752,375750404_1695281914319703_6584676850777730404_n.jpg,1080,1080
GUPY,0,0,917,950,375809088_824994739120503_7307125241162668112_n.jpg,1080,1080
GUPY,285,4,655,887,375822362_968188087801507_4257954109814800705_n.jpg,1080,1080
GUPY,212,42,813,864,376057239_1297823571097365_5520775935685630230_n.jpg,1080,1080
GUPY,174,190,623,823,376230732_961687618247324_914093961019210302_n.jpg,1080,1080
GUPY,222,3,520,918,376579341_306542578569743_3785997364257620694_n.jpg,1080,1080
GUPY,5,314,505,335,376655731_269958755975284_4507796480657917914_n.jpg,720,760
GUPY,270,143,155,87,376754248_964537687987249_2402760697640177824_n.jpg,572,572
GUPY,5,195,513,487,376771426_763612365537262_1934031391030877969_n.jpg,720,720
GUPY,24,29,408,437,376786058_249613917530144_65752222795275626_n.jpg,500,500
GUPY,12,298,552,252,377745920_2066594917033735_3805462119157716452_n.jpg,843,1054
GUPY,49,37,287,307,377832958_239000545802221_5768754088713979775_n.jpg,453,453
GUPY,55,89,325,280,377897183_3082568331887603_7197258247851781773_n.jpg,500,500
GUPY,135,115,582,466,380906227_654179613444918_8438068968124711888_n.jpg,720,720
GUPY,47,114,449,511,381132057_222050200862599_1065622107306245938_n.jpg,720,720
GUPY,38,25,667,647,385259618_1556582368413563_4656575166295654508_n.jpg,720,720
GUPY,123,92,86,80,387645664_2402563739917688_4048962082711192484_n.jpg,320,320
GUPY,314,300,107,93,387707826_2329514830566696_2367635580853821361_n.jpg,720,720
GUPY,42,299,593,717,46CD5467-58F0-400D-9565-C49E1242458A_1_105_c.jpeg,768,1024
GUPY,45,210,706,440,57D963F4-A801-4618-B85A-7B8EE0BFC1C4_1_105_c.jpeg,768,1024
GUPY,174,39,588,498,5EEB63EB-6E13-44ED-85CC-4449B4ED7EC0_1_105_c.jpeg,768,1024
GUPY,99,10,649,736,61E11A14-C710-4A09-B4C5-6649E834EFEB_1_105_c.jpeg,768,1024
GUPY,149,354,384,358,7DECD4A2-0839-45FD-B67B-F91285F0900F_1_105_c.jpeg,768,1024
GUPY,5,424,593,159,8AA58B92-AEC7-40BB-A943-2867AC3A2412_1_105_c.jpeg,768,1024
GUPY,108,526,469,427,B74D0432-78AD-44CB-A376-5A076B553A97_1_105_c.jpeg,768,1024
GUPY,72,216,640,699,Collab (1).jpg,1080,1080
GUPY,100,170,661,748,Collab (2).jpg,1080,1080
GUPY,63,198,626,721,Collab (3).jpg,1080,1080
GUPY,157,186,572,746,Collab.jpg,1080,1080
GUPY,8,363,788,579,Estos chicos necesitaban ayuda con su tareaThese boys needed help with their work (1).jpg,1080,1080
GUPY,16,423,831,563,Estos chicos necesitaban ayuda con su tareaThese boys needed help with their work (2).jpg,1080,1080
GUPY,27,342,863,560,Estos chicos necesitaban ayuda con su tareaThese boys needed help with their work (3).jpg,1080,1080
GUPY,21,311,709,551,Estos chicos necesitaban ayuda con su tareaThese boys needed help with their work (4).jpg,1080,1080
GUPY,13,197,892,717,Estos chicos necesitaban ayuda con su tareaThese boys needed help with their work.jpg,1080,1080
GUPY,157,248,672,220,Gorgeous.jpg,909,682
GUPY,6,30,472,560,Just watching..jpg,630,630
GUPY,0,517,716,331,Mondays are soooooo tiredOh it_s Wednesday (1).jpg,1080,1080
GUPY,13,376,570,164,Mondays are soooooo tiredOh it_s Wednesday.jpg,756,756
GUPY,64,118,648,624,Perdón por la inactividad mi manager estaba de vacaciones. Toca reducirle el sueldo (1).jpg,750,750
GUPY,5,101,590,623,Perdón por la inactividad mi manager estaba de vacaciones. Toca reducirle el sueldo (2).jpg,750,750
GUPY,169,92,508,596,Perdón por la inactividad mi manager estaba de vacaciones. Toca reducirle el sueldo (3).jpg,750,750
GUPY,142,114,533,636,Perdón por la inactividad mi manager estaba de vacaciones. Toca reducirle el sueldo.jpg,750,750
GUPY,76,148,300,274,Sorry this seat is taken (1).jpg,434,434
GUPY,64,86,261,331,Sorry this seat is taken.jpg,434,434
GUPY,11,44,213,374,Stunning (1).jpg,434,434
GUPY,11,58,262,371,Stunning.jpg,434,434
GUPY,111,214,648,315,Sweet dreams (1).jpg,768,768
GUPY,37,79,717,476,Sweet dreams (2).jpg,768,768
GUPY,73,95,674,538,Sweet dreams (3).jpg,768,768
GUPY,89,241,672,415,Sweet dreams (4).jpg,768,768
GUPY,58,2,606,732,Sweet dreams (5).jpg,768,768
GUPY,242,267,311,175,Sweet dreams (6).jpg,768,768
GUPY,95,178,645,353,Sweet dreams.jpg,768,768
GUPY,173,134,866,1002,This is my backpack now.jpg,1080,1350
GUPY,158,333,339,495,Whispering.jpg,756,945
nongupy,31,179,314,297,0065cac404ed866ea016d7b8213b5411.jpg,474,631
nongupy,75,8,132,300,01481d908eaafe9835829330316d5b61.jpg,236,314
nongupy,38,25,182,429,02c321a05d6c73eb12eca45906bcdb28.jpg,236,476
nongupy,2,19,188,328,0357df42f6d378645e6a2654f9dc7126.jpg,236,354
nongupy,68,58,124,232,061ad32212749683439286dc0108c32f.jpg,235,353
nongupy,2,6,218,337,061db1712a6f88a341eae52f9f1880ab.jpg,236,346
nongupy,50,17,176,318,0867a3748a6d1e79fd12ed2bbcae1297.jpg,236,345
nongupy,13,32,202,264,0b944c3805585e362d349903c9ac47e2.jpg,236,322
nongupy,0,45,234,250,0d9b866b8af7f47c33cc4d4c0ffe8d42.jpg,236,295
nongupy,2,42,231,207,0f67d2ee1688cb27fc9aac338d812198.jpg,236,280
nongupy,61,45,165,300,0f912f95249c7a9c81e213d10650b78f.jpg,235,353
nongupy,16,21,172,306,108e513786b50de1b4ac85ed92316c2d.jpg,236,353
nongupy,9,41,212,295,10f17f06abcc8980e4c3dd70d352057c.jpg,236,354
nongupy,52,52,166,176,116ebde392dfe8414ecf909c998e69b3.jpg,236,236
nongupy,5,31,199,278,1446101820e8d273912e82be8ff0b87c.jpg,235,316
nongupy,13,61,206,189,148c03cc9ec0b8fc8f98861672bf4af3.jpg,236,294
nongupy,11,88,221,69,172d17a68a2beeac735734a6efab784e.jpg,236,293
nongupy,14,23,210,395,18513ae49b474e2281809c822b8deb1d.jpg,235,418
nongupy,20,76,214,203,19247b723fd95f8ca12eedba951f674e.jpg,236,314
nongupy,7,3,220,334,1bd7af0aeb1d61a37b07714a874f5c7d.jpg,236,354
nongupy,4,3,225,232,1cb2629a07fe492dc55e90e804f703b6.jpg,236,236
nongupy,3,12,227,404,1d79ccda5df68c1653e1521937de9974.jpg,236,419
nongupy,111,14,68,146,1e50c5c62c33578ca6964447cbeea639.jpg,236,177
nongupy,4,4,213,274,1ef5b49ffff19251b56c7786486f84ba.jpg,236,315
nongupy,2,4,178,308,1f602872865c171117358f8f76f48b69.jpg,236,314
nongupy,16,88,219,206,2109848321d584c6596abb55d023a851.jpg,236,419
nongupy,1,1,232,235,21cece8ebf460349f1ab2548e0d3e513.jpg,236,236
nongupy,1,19,206,283,23ee1118e023eb900a33da190658237a.jpg,236,307
nongupy,37,11,159,312,2488b5576d7202fd112abe7c052a082c.jpg,236,354
nongupy,32,30,191,409,26677265e7c678f09b38ab5c5afe2343.jpg,236,476
nongupy,58,34,129,276,293d3ea66be3a33751702ed69b421392.jpg,236,343
nongupy,2,7,216,287,2baadedc47f01ff0c6a50f3d00d919d8.jpg,236,295
nongupy,4,97,200,214,2c98feb3be4f58a82cc51e3a34853d37.jpg,236,419
nongupy,58,8,116,294,2e8591056f99d2f55af1a117ee9a8b88.jpg,236,322
nongupy,98,62,120,284,2fc2149882dfd94f50db7be5c053334c.jpg,236,354
nongupy,8,1,215,230,301b8b769582ec7f9d935658281b4769.jpg,236,234
nongupy,40,4,158,274,31707d369a00571253f244a6e0a66efe.jpg,236,283
nongupy,48,6,169,389,339d705425ed2c7040e1319fe24698d1.jpg,236,419
nongupy,46,2,164,305,33ca319fab0ad5a6592a7461a6a82c6c.jpg,236,314
nongupy,38,71,150,270,349b60cba178e47afd02c536395443e4.jpg,236,419
nongupy,18,55,201,273,358ad74eeccf58d483697284aca16ee7.jpg,236,356
nongupy,20,57,210,239,37569deedb3e7e65d5a6eb76e1f1716b.jpg,236,419
nongupy,55,52,125,269,376fc19ba1cb7c1d127797e4e2c5bf7d.jpg,236,362
nongupy,2,34,232,132,37869ef6f25a69292f285da3f473542c.jpg,236,177
nongupy,38,5,164,346,37b8df1855ddf7bd1517bf1d46f95875.jpg,236,354
nongupy,18,52,214,200,38bd907996cfcdcd572d4c08809913fc.jpg,236,314
nongupy,14,11,217,376,39419e55618b9604b397ae330c42c0b4.jpg,236,395
nongupy,39,10,156,315,39bb51b049a5620aa1f2f89704ed0242.jpg,236,354
nongupy,107,87,318,490,39d120beb7be7d87b50bc6c24fd49276.jpg,473,618
nongupy,13,8,220,474,3b8d8f2449215ab2c366496e1d41d37e.jpg,236,488
nongupy,17,2,212,206,3c331259984c08509f796ed4ec7d3564.jpg,236,236
nongupy,15,1,218,410,3ddcea9185bd7bdde52254d7fd9175a7.jpg,236,419
nongupy,27,6,176,251,3e78772a1ac1fd5c496b86d1d1dad81c.jpg,236,275
nongupy,39,186,188,170,3ef7c2c53cc553b5ba9dc06af66f068b.jpg,236,436
nongupy,7,11,216,279,3f7fd2ad0fd39cc98ab3ad966aea3842.jpg,236,295
nongupy,12,101,203,142,3fb21f05c87ad086b95c5d66bd0e323b.jpg,236,314
nongupy,63,6,173,309,404849c267159797f2d5ceef160d0264.jpg,236,321
nongupy,51,30,153,254,447e49f0376acdb393d38009bfe53aea.jpg,236,314
nongupy,23,15,177,313,46ca26fe168befb6411f8df10e589655.jpg,235,331
nongupy,20,31,157,215,46ea9346ef8df3bf00a97f5a91747f33.jpg,236,294
nongupy,10,22,187,277,474585ab73dda79ddd89ca780c026d29.jpg,236,314
nongupy,3,23,188,294,49ea340bb8cd1629eae0ac1ac71f9b14.jpg,236,354
nongupy,15,44,182,254,4e694c81b5917d86187fde09ab1a4b47.jpg,236,354
nongupy,19,4,211,315,503c15add4752c2e6b1ce0b2438786c6.jpg,236,331
nongupy,10,11,204,435,5090275dd153a4b4c551fb153fc56991.jpg,236,461
nongupy,42,79,145,201,510f9873f3729a55d9a87601a4e08d6a.jpg,236,295
nongupy,46,11,187,235,5612b72e99aa62b331b299217cb58253.jpg,236,264
nongupy,103,108,117,226,56cee6d373103b62a1599efb58bce614.jpg,236,355
nongupy,36,81,75,78,5832e56a2876f2fb6512bdcbd82f72e0.jpg,236,419
nongupy,57,112,171,242,5923ce3600075dc49bb0fa192cf3102f.jpg,236,419
nongupy,44,1,135,260,5979f30810f51dbc57e77cf4bc1e4656.jpg,235,288
nongupy,74,34,118,308,5a1571356eb20ec9d2d2fb511ae9e41e.jpg,236,468
nongupy,28,12,202,317,5c154529449addbfff722dafe10875a7.jpg,236,354
nongupy,37,2,176,261,5c4ad302e4baa9f5b445faa0c960ed85.jpg,236,274
nongupy,17,6,195,220,5d3156b52a74103b998cf338d4ef1887.jpg,236,236
nongupy,74,51,119,233,5d3fdf953499e48881ba4d98a277f69c.jpg,236,321
nongupy,6,17,210,334,6133dd8fe52c7166832bff241c3d2eb6.jpg,236,354
nongupy,6,14,225,176,63d8028b5803dbb95db2328e035c3044.jpg,236,236
nongupy,2,2,229,356,6496d6721f74e421200512096974213f.jpg,236,387
nongupy,47,15,151,315,68638327c4897aaacc0a1972476a3a9a.jpg,236,348
nongupy,4,9,228,457,690cc557bd9cd09afc9bfc0d76cf8b47.jpg,236,472
nongupy,9,5,172,337,6913979aa533df6e52cbf4f4be935b5f.jpg,236,353
nongupy,32,1,201,298,6a740208c6cff6f43f71c386c549f8e7.jpg,236,354
nongupy,23,3,204,340,6bd8168f1eebb56de41c00a6b049c6e3.jpg,236,348
nongupy,17,2,186,295,6c4d301b31ed5e54e52e97fb3c4fd468.jpg,230,305
nongupy,3,2,232,357,6c652fb658954417e3f9f0fd71fe8d89.jpg,236,361
nongupy,34,157,187,177,6cbb69cecd2c056b7f4c829fad4dc4bf.jpg,236,423
nongupy,7,20,205,311,6f76e20d1c9f04647d5f43e0392b9e8c.jpg,236,333
nongupy,10,65,208,254,6f7c31ff0485cfb9982232291d3dff04.jpg,236,354
nongupy,3,16,231,251,6feb1177e3004506de0d4de7b6bd8a5f.jpg,236,329
nongupy,41,4,179,282,7105588847f629fa3910ebbd1de41afa.jpg,236,294
nongupy,2,22,233,195,72a3592883d74fbdcf509334049859c9.jpg,236,223
nongupy,23,47,203,298,73c5814fbb313e8eea6c86c4bb649b86.jpg,236,356
nongupy,22,3,214,344,740fb0079d7e640a51cb68787a3f0f8f.jpg,236,353
nongupy,0,65,230,126,7638824c9b60b2e517ca0f65379a5d96 (1).jpg,236,236
nongupy,2,71,233,116,7638824c9b60b2e517ca0f65379a5d96.jpg,236,236
nongupy,16,23,168,280,77dc0f2a0867250341c56c92a008becb.jpg,236,314
nongupy,41,32,167,270,78c10459c16347f4f18cd7769ed4c64c.jpg,236,330
nongupy,22,67,174,267,7b5c98601ea9cdc388e8d05082c6df9b.jpg,236,355
nongupy,4,82,227,245,7c322b78a54670d00ae7a1acdcf49a02.jpg,236,354
nongupy,1,5,230,143,7d4a2dcbc5a632ca484922c582aa9c65.jpg,236,215
nongupy,5,20,229,176,7ecad61098ca4d25fd6bec7fc6ce9dc5.jpg,236,207
nongupy,24,8,195,340,7f64a641b3576c2c522f995e2456623a.jpg,236,356
nongupy,85,34,127,141,8104f96d91278c4749d8fc11817079a1.jpg,236,177
nongupy,42,4,189,228,8113ddb9080efd48ab55d9afc915b675.jpg,236,258
nongupy,74,11,143,154,814d86c63715df1842e0fdcb51baeadc.jpg,236,181
nongupy,50,27,127,351,82b67317a5f0567043214f0056359eb5.jpg,236,401
nongupy,25,58,152,194,8700134b60fb37fde4120d50a33dba6b.jpg,236,314
nongupy,73,74,65,93,8783aed1e62963d65ac947fd4e53959d.jpg,236,216
nongupy,16,3,203,291,8931be36a210a28e73cff1c0521fce53.jpg,236,295
nongupy,34,49,196,272,897f2c8455340ed6070c89d7f86133fa.jpg,236,332
nongupy,39,90,168,173,8ace0a53931bfbfe7e6f037fc6eb8e97.jpg,236,314
nongupy,49,32,164,261,8b0d4acb8e65d9cda0b65db104b68f75.jpg,236,331
nongupy,37,29,151,104,8c6520177a7ea330539e075fa6e20abf.jpg,236,157
nongupy,31,15,201,264,8eca080d0edc9b73619fd4ae7d4767f7.jpg,236,354
nongupy,8,5,216,226,901a95da82ec0fcd90ff97a9705c0bbb.jpg,235,236
nongupy,43,62,101,87,9200b14aed75336dfa230f8f48b58329.jpg,236,314
nongupy,42,15,165,294,935a47e02d5447a544267f31ec3f6a5c.jpg,236,330
nongupy,10,23,188,317,940643c5e47bbedbe1f84883fcc2feb6.jpg,235,353
nongupy,107,54,294,523,9462f41feac092eeaacc88148a58bd00.jpg,474,632
nongupy,53,28,143,280,9539825e03ddcdbeb9053965628845d8.jpg,236,458
nongupy,36,9,196,260,9589683ae55d41d2f118a3c05c07dc46.jpg,236,354
nongupy,18,37,213,279,9632e4619c423e0a574030f35de36791.jpg,236,354
nongupy,8,4,212,233,97cbda145688864a056a60fc0ec96442.jpg,236,245
nongupy,28,14,185,279,981c16f26a85069f64313521467334cc.jpg,236,314
nongupy,39,21,156,290,9aa6a0f30e095c108a8af61062e0704b.jpg,236,354
nongupy,82,39,98,184,9abc67eb17a84cb7311283671bea2049.jpg,236,354
nongupy,38,3,159,225,9c6bdc578847df643f0db48f7f7d3185.jpg,236,236
nongupy,21,34,185,185,9e785c0fe5948a5d56875f3f99b86551.jpg,235,236
nongupy,60,40,129,117,9e8f7f1318918225ab90a5fb92a2bafd.jpg,236,236
nongupy,12,55,219,290,a02943fccf4e6a6d1d449bb7063479b4.jpg,236,419
nongupy,31,48,149,232,a11dfc3c064a6f48d5eea998fc6ca686.jpg,236,339
nongupy,28,70,172,160,a4cd17f7a0f57e006949f60f398a66c5.jpg,236,295
nongupy,13,52,194,74,a6dbc866d85133de2dd684427c2e3d28.jpg,236,157
nongupy,60,73,321,719,a745cf6d76ff80af5c65b59cb2881408.jpg,474,842
nongupy,68,51,122,249,a8d324fbb7ccb9aa5ef0cb11cf6631ef.jpg,236,354
nongupy,3,29,202,267,a98980a6dd093242c69607e9d44bb03f.jpg,236,352
nongupy,56,107,88,196,ab79ab4e59d863ba7f49354a54dc209b.jpg,236,358
nongupy,14,97,221,57,af1e0df43e4860d297ee0a6e8cbfff39.jpg,236,293
nongupy,28,8,184,178,b17e7f0361d63cba89566960561c72f1.jpg,236,236
nongupy,40,68,109,94,b1cbcf8436296447de2d9eb725a186bc.jpg,236,165
nongupy,85,63,103,261,b1ee96384263478457af44823f044f7a.jpg,236,353
nongupy,11,44,144,125,b61df2908fd6d3f5231a520657e4c2a6.jpg,236,232
nongupy,43,39,159,275,b65e2debc96ea0fa9a85b169b4e45edd.jpg,236,419
nongupy,12,18,181,267,b6672fe47f21d9271472a540adea88be.jpg,236,325
nongupy,42,2,162,406,b73a6cf6f37f1218400eab3e5ec074bc.jpg,236,419
nongupy,38,18,187,323,bab5ae43072e1e598705bfb3a0b3c952.jpg,236,354
nongupy,28,27,184,135,bac43ece03f812acfd6b8dbea5fc8fde.jpg,236,192
nongupy,40,15,176,280,be1fc60dd881179d276490d2970b87b1.jpg,236,314
nongupy,12,90,206,227,be36d33c1415a8a21a5099be971c1c0b.jpg,236,354
nongupy,10,24,205,321,c13b6545e0d3b2507574ef9ab98f5fcb.jpg,236,354
nongupy,8,20,212,286,c7ba193d949b9325b36ac63c2dad8313.jpg,236,318
nongupy,19,11,188,267,cb7b25823d66234e318e8f92e640b2ea.jpg,236,316
nongupy,41,39,106,281,cc12dc012dbf24c27f68705d1dfd3368.jpg,236,353
nongupy,44,23,137,272,d02914d5fa46541fee6592a8a0cfa93a.jpg,236,314
nongupy,5,55,227,128,d078d3d77d6227da5da858d6c43857b1.jpg,236,236
nongupy,27,28,189,277,d09c0e34ae17fd322765e14230f88384.jpg,236,356
nongupy,42,76,155,211,d17e8542d0a1b2b6ca92eac0a29a9e25.jpg,236,354
nongupy,53,74,53,63,d448599a71db206afd23025c28697cf7.jpg,236,167
nongupy,24,90,188,246,d52a05f7e75a14f4994468a21f4988d4.jpg,236,354
nongupy,56,17,135,310,d6d84dc9a6d8bebacc876fa7f9d440b0.jpg,236,352
nongupy,66,17,127,213,d7a4c6ebb57c1fe9fd2127e13dd08119.jpg,236,297
nongupy,30,33,182,255,d861858071b1d19137f329191bd2f50b.jpg,236,290
nongupy,15,16,201,453,d9aa7bab008c46e3041a89e119c31c23.jpg,236,481
nongupy,32,21,181,330,d9f12687b3905f6aba10509c54bc9a6c.jpg,236,390
nongupy,2,12,208,407,da7aae941beafd6d147fb8fb08dcea15.jpg,236,419
nongupy,10,37,197,261,da9f4a89b3eeefedc675aa25536235d8.jpg,235,298
nongupy,15,107,170,128,dbbe9afbe0632ed63d8f081cc43f7706.jpg,236,315
nongupy,29,35,152,252,ddd141f03f6995151b2da58bbd87ebc5.jpg,236,312
nongupy,39,46,160,251,ded44c9eaba6c0ae911dbd727053ac5f (1).jpg,236,354
nongupy,47,36,143,260,ded44c9eaba6c0ae911dbd727053ac5f.jpg,236,354
nongupy,56,86,127,228,e04a077f554f8e0fff476568afef6166.jpg,236,356
nongupy,3,15,195,255,e5d1eaf42c951784e5e894cffc22b100.jpg,236,271
nongupy,3,5,201,413,ec4e8aefc7d2156ee3aad783d8caf98e.jpg,236,418
nongupy,30,67,184,231,ed214733a8436f57f93f93a9842c05b7.jpg,236,341
nongupy,6,222,185,133,ed906d6591bd197d31daeff6ebd091e7 (1).jpg,236,384
nongupy,19,228,165,132,ed906d6591bd197d31daeff6ebd091e7.jpg,236,384
nongupy,55,23,178,266,ee8208f1359aa56eff5250d1508f56ba.jpg,236,295
nongupy,11,5,214,406,efa648871b18a0dc9eac82b2d60f0a5c.jpg,236,418
nongupy,1,24,222,247,f015239530e020ff575c5cdbd116dcb4.jpg,236,271
nongupy,26,10,138,137,f1bf48df52e20c0b15f6962fbaf5a399.jpg,236,188
nongupy,22,40,197,108,f2cacf34d782d28f7dcc7934f70cfb96.jpg,236,184
nongupy,1,4,232,219,f2cb5fd2587d69b02af6b5efdd5e7b89.jpg,236,262
nongupy,53,6,145,317,f5853bae2740031288bb44fe6a9c5195.jpg,236,348
nongupy,43,10,137,330,f588ba1a9c0b4a0c1bcf7c35e50e87d3.jpg,236,354
nongupy,27,17,172,200,f58be348ed81f5b871501a704feb7744.jpg,236,234
nongupy,17,56,203,245,f5a1c181f32a29b487a7c853e22f3315.jpg,236,329
nongupy,8,17,214,444,f5b141e174e76deea615b5fdc334c95d.jpg,236,480
nongupy,19,36,156,225,f5fa276dbf74fee258a447763b1b484e.jpg,236,274
nongupy,58,70,133,229,f69012ad25688010771b84829ebb1832.jpg,236,354
nongupy,23,26,201,371,f7bb45a3392f611eabc7450d94f34143.jpg,236,413
nongupy,54,30,132,293,f873448faed332f8bed9cff2c2365139.jpg,236,353
nongupy,40,64,148,253,f87db037e983e1818a804969cd8231d2.jpg,236,356
nongupy,28,22,205,324,f934c9660339077c44f5f8c0dd6727d9.jpg,236,354
nongupy,41,8,158,279,fb2c7e729e2f200e8d60ab8d657b4291.jpg,236,300
nongupy,33,30,143,167,fd98f8314bc71537583da99bc210ca09.jpg,236,236
nongupy,8,40,180,314,fe0ccb700f47b05b76a79753b4b15de1.jpg,235,359
nongupy,39,70,164,226,fe16213911e5e5408af1b6ecea7002a4.jpg,236,352
nongupy,50,160,328,564,fe49e8c70d71793cfade5d0695ddcbfb.jpg,474,842
nongupy,2,8,232,364,fe9587afec0794780de6c2186cf83736.jpg,236,441
nongupy,99,26,130,213,ff54c3ce638a0a91e31169392992e732.jpg,235,263
